numeroPedido,clienteId,fechaEntrega,estado,zonaEntrega,requiereRefrigeracion
P001,CLI-123,2025-11-22,PENDIENTE,ZONA1,TRUE
P005,CLI-123,2025-11-22,PENDIENTE,ZONA1,TRUE
P006,CLI-123,2025-11-22,PENDIENTE,ZONA1,TRUE
P007,CLI-123,2025-11-22,PENDIENTE,ZONA1,TRUE
P008,CLI-119,2025-11-22,PENDIENTE,ZONA1,TRUE
P009,CLI-123,2025-10-22,PENDIENTE,ZONA1,TRUE
P010,CLI-123,2025-10-22,PENDIENTE,ZONA2,TRUE
P011,CLI-123,2025-11-22,PENDIENTE,ZONA1,TRUE
P012,CLI-123,2025-11-22,PENDIENTE,ZONA1,TRUE
P013,CLI-123,2025-11-23,PENDIENTE,ZONA1,TRUE
P014,CLI-123,2025-11-23,PENDIENTE,ZONA1,TRUE
P015,CLI-123,2025-11-23,PENDIENTE,ZONA1,TRUE
P016,CLI-123,2025-11-23,PENDIENTE,ZONA1,TRUE
P017,CLI-123,2025-11-23,PENDIENTE,ZONA1,TRUE
P018,CLI-123,2025-11-23,PENDIENTE,ZONA1,TRUE
P019,CLI-123,2025-11-23,PENDIENTE,ZONA1,TRUE
P020,CLI-123,2025-11-23,PENDIENTE,ZONA1,TRUE
P021,CLI-123,2025-11-23,PENDIENTE,ZONA1,TRUE
P022,CLI-123,2025-11-23,PENDIENTE,ZONA1,TRUE
P023,CLI-123,2025-11-23,PENDIENTE,ZONA1,TRUE
P024,CLI-123,2025-11-23,PENDIENTE,ZONA1,TRUE
P025,CLI-123,2025-11-23,PENDIENTE,ZONA1,TRUE
P026,CLI-123,2025-11-23,PENDIENTE,ZONA1,TRUE
P027,CLI-123,2025-11-23,PENDIENTE,ZONA1,FALSE
P028,CLI-123,2025-11-23,PENDIENTE,ZONA1,FALSE
P029,CLI-123,2025-11-23,PENDIENTE,ZONA1,FALSE
P030,CLI-123,2025-11-23,PENDIENTE,ZONA1,FALSE
P031,CLI-123,2025-11-23,PENDIENTE,ZONA1,FALSE
P032,CLI-123,2025-11-23,PENDIENTE,ZONA1,FALSE
P033,CLI-123,2025-11-23,PENDIENTE,ZONA1,FALSE
P034,CLI-123,2025-11-23,PENDIENTE,ZONA1,FALSE
P035,CLI-123,2025-11-23,PENDIENTE,ZONA1,FALSE
P036,CLI-123,2025-11-23,PENDIENTE,ZONA1,FALSE
P037,CLI-123,2025-11-23,PENDIENTE,ZONA1,FALSE
P038,CLI-123,2025-11-23,PENDIENTE,ZONA1,FALSE
P039,CLI-123,2025-11-23,PENDIENTE,ZONA1,FALSE
P040,CLI-123,2025-11-23,PENDIENTE,ZONA1,FALSE
P041,CLI-123,2025-11-23,PENDIENTE,ZONA1,FALSE
P042,CLI-123,2025-11-23,PENDIENTE,ZONA2,TRUE
P043,CLI-123,2025-11-23,PENDIENTE,ZONA2,TRUE
P044,CLI-123,2025-11-23,PENDIENTES,ZONA2,TRUE
P045,CLI-123,2025-11-23,PENDIENTE,ZONA2,TRUE
P046,CLI-123,2025-11-23,PENDIENTE,ZONA2,TRUE
P047,CLI-123,2025-11-23,PENDIENTE,ZONA2,TRUE
P048,CLI-123,2025-11-23,PENDIENTE,ZONA2,TRUE
P049,CLI-123,2025-11-23,PENDIENTE,ZONA2,TRUE
P050,CLI-123,2025-11-23,PENDIENTE,ZONA2,TRUE
P051,CLI-123,2025-11-23,PENDIENTE,ZONA2,TRUE
P052,CLI-123,2025-11-23,PENDIENTE,ZONA2,TRUE
P053,CLI-123,2025-11-23,PENDIENTE,ZONA2,TRUE
P054,CLI-123,2025-11-23,PENDIENTE,ZONA2,TRUE
P055,CLI-123,2025-11-23,PENDIENTE,ZONA2,TRUE
P056,CLI-123,2025-11-23,PENDIENTE,ZONA2,TRUE
P057,CLI-123,2025-11-23,PENDIENTE,ZONA2,TRUE
P058,CLI-123,2025-11-23,PENDIENTE,ZONA2,TRUE
P059,CLI-123,2025-11-23,PENDIENTE,ZONA2,TRUE
P060,CLI-123,2025-11-23,PENDIENTE,ZONA2,TRUE
P061,CLI-123,2025-11-23,PENDIENTE,ZONA2,TRUE
P062,CLI-123,2025-11-23,PENDIENTE,ZONA2,TRUE
P063,CLI-123,2025-11-23,PENDIENTE,ZONA2,TRUE
P064,CLI-123,2025-11-23,PENDIENTE,ZONA2,TRUE
P065,CLI-123,2025-11-23,PENDIENTE,ZONA2,TRUE
P066,CLI-123,2025-11-23,PENDIENTE,ZONA2,TRUE
P067,CLI-123,2025-11-23,PENDIENTE,ZONA2,TRUE
P068,CLI-123,2025-11-23,PENDIENTE,ZONA2,TRUE
P069,CLI-123,2025-11-23,PENDIENTE,ZONA2,TRUE
P070,CLI-123,2025-11-23,PENDIENTE,ZONA2,TRUE
P071,CLI-123,2025-11-23,PENDIENTE,ZONA2,TRUE
P072,CLI-123,2025-11-23,PENDIENTE,ZONA2,TRUE
P073,CLI-123,2025-11-23,PENDIENTE,ZONA2,TRUE
P074,CLI-123,2025-11-23,PENDIENTE,ZONA2,TRUE
P075,CLI-123,2025-11-23,PENDIENTE,ZONA2,TRUE
P076,CLI-123,2025-11-23,PENDIENTE,ZONA2,TRUE
P077,CLI-123,2025-11-23,PENDIENTE,ZONA2,TRUE
P078,CLI-123,2025-11-23,PENDIENTE,ZONA2,TRUE
P079,CLI-123,2025-11-23,PENDIENTE,ZONA2,TRUE
P080,CLI-123,2025-11-23,PENDIENTE,ZONA2,TRUE
P081,CLI-123,2025-11-23,PENDIENTE,ZONA2,TRUE
P082,CLI-123,2025-11-23,PENDIENTE,ZONA2,TRUE
P083,CLI-123,2025-11-23,PENDIENTE,ZONA2,TRUE
P084,CLI-123,2025-11-23,PENDIENTE,ZONA2,TRUE
P085,CLI-123,2025-11-23,PENDIENTE,ZONA2,TRUE
P086,CLI-123,2025-11-23,PENDIENTE,ZONA2,TRUE
P087,CLI-123,2025-11-23,PENDIENTE,ZONA2,TRUE
P088,CLI-123,2025-11-23,PENDIENTE,ZONA2,TRUE
P089,CLI-123,2025-11-23,PENDIENTE,ZONA2,TRUE
P090,CLI-123,2025-11-23,PENDIENTE,ZONA2,TRUE
P091,CLI-123,2025-11-23,PENDIENTE,ZONA2,TRUE
P092,CLI-123,2025-11-23,PENDIENTE,ZONA2,TRUE
P093,CLI-123,2025-11-23,PENDIENTE,ZONA2,TRUE
P094,CLI-123,2025-11-23,PENDIENTE,ZONA2,TRUE
P095,CLI-123,2025-11-23,PENDIENTE,ZONA2,TRUE
P096,CLI-123,2025-11-23,PENDIENTE,ZONA2,TRUE
P097,CLI-123,2025-11-23,PENDIENTE,ZONA2,TRUE
P098,CLI-123,2025-11-23,PENDIENTE,ZONA2,TRUE
P099,CLI-123,2025-11-23,PENDIENTE,ZONA2,TRUE
P100,CLI-123,2025-11-23,PENDIENTE,ZONA2,TRUE
P101,CLI-123,2025-11-23,PENDIENTE,ZONA2,TRUE
P102,CLI-123,2025-11-23,PENDIENTE,ZONA2,TRUE
P103,CLI-123,2025-11-23,PENDIENTE,ZONA2,TRUE
P104,CLI-123,2025-11-23,PENDIENTE,ZONA2,TRUE
P105,CLI-123,2025-11-23,PENDIENTE,ZONA2,TRUE
P106,CLI-123,2025-11-23,PENDIENTE,ZONA2,TRUE
P107,CLI-123,2025-11-23,PENDIENTE,ZONA2,TRUE
P108,CLI-123,2025-11-23,PENDIENTE,ZONA2,TRUE
P109,CLI-123,2025-11-23,PENDIENTE,ZONA2,TRUE
P110,CLI-123,2025-11-23,PENDIENTE,ZONA2,TRUE
P111,CLI-123,2025-11-23,PENDIENTE,ZONA2,TRUE
P112,CLI-123,2025-11-23,PENDIENTE,ZONA2,TRUE
P113,CLI-123,2025-11-23,PENDIENTE,ZONA2,TRUE
P114,CLI-123,2025-11-23,PENDIENTE,ZONA2,TRUE
P115,CLI-123,2025-11-23,PENDIENTE,ZONA2,TRUE
P116,CLI-123,2025-11-23,PENDIENTE,ZONA2,TRUE
P117,CLI-123,2025-11-23,PENDIENTE,ZONA2,TRUE
P118,CLI-123,2025-11-23,PENDIENTE,ZONA2,TRUE
P119,CLI-123,2025-11-23,PENDIENTE,ZONA2,TRUE
P120,CLI-123,2025-11-23,PENDIENTE,ZONA2,TRUE
P121,CLI-123,2025-11-23,PENDIENTE,ZONA2,TRUE
P122,CLI-123,2025-11-23,PENDIENTE,ZONA2,TRUE
P123,CLI-123,2025-11-23,PENDIENTE,ZONA2,TRUE
P124,CLI-123,2025-11-23,PENDIENTE,ZONA2,TRUE
P125,CLI-123,2025-11-23,PENDIENTE,ZONA2,TRUE
P126,CLI-123,2025-11-23,PENDIENTE,ZONA2,TRUE
P127,CLI-123,2025-11-23,PENDIENTE,ZONA2,TRUE
P128,CLI-123,2025-11-23,PENDIENTE,ZONA2,TRUE
P129,CLI-123,2025-11-23,PENDIENTE,ZONA2,TRUE
P130,CLI-123,2025-11-23,PENDIENTE,ZONA2,TRUE
P131,CLI-123,2025-11-23,PENDIENTE,ZONA2,TRUE
P132,CLI-123,2025-11-23,PENDIENTE,ZONA2,TRUE
P133,CLI-123,2025-11-23,PENDIENTE,ZONA2,TRUE
P134,CLI-123,2025-11-23,PENDIENTE,ZONA2,TRUE
P135,CLI-123,2025-11-23,PENDIENTE,ZONA2,TRUE
P136,CLI-123,2025-11-23,PENDIENTE,ZONA2,TRUE
P137,CLI-123,2025-11-23,PENDIENTE,ZONA2,TRUE
P138,CLI-123,2025-11-23,PENDIENTE,ZONA2,TRUE
P139,CLI-123,2025-11-23,PENDIENTE,ZONA2,TRUE
P140,CLI-123,2025-11-23,PENDIENTE,ZONA2,TRUE
P141,CLI-123,2025-11-23,PENDIENTE,ZONA2,TRUE
P142,CLI-123,2025-11-23,PENDIENTE,ZONA2,TRUE
P143,CLI-123,2025-11-23,PENDIENTE,ZONA2,TRUE
P144,CLI-123,2025-11-23,PENDIENTE,ZONA2,TRUE
P145,CLI-123,2025-11-23,PENDIENTE,ZONA2,FALSE
P146,CLI-123,2025-11-23,PENDIENTE,ZONA2,FALSE
P147,CLI-123,2025-11-23,PENDIENTE,ZONA2,FALSE
P148,CLI-123,2025-11-23,PENDIENTE,ZONA2,FALSE
P149,CLI-123,2025-11-23,PENDIENTE,ZONA2,FALSE
P150,CLI-123,2025-11-23,PENDIENTE,ZONA2,FALSE
P151,CLI-123,2025-11-23,PENDIENTE,ZONA2,FALSE
P152,CLI-123,2025-11-23,PENDIENTE,ZONA2,FALSE
P153,CLI-123,2025-11-23,PENDIENTE,ZONA2,FALSE
P154,CLI-123,2025-11-23,PENDIENTE,ZONA2,FALSE
P155,CLI-123,2025-11-23,PENDIENTE,ZONA2,FALSE
P156,CLI-123,2025-11-23,PENDIENTE,ZONA2,FALSE
P157,CLI-123,2025-11-23,PENDIENTE,ZONA2,FALSE
P158,CLI-123,2025-11-23,PENDIENTE,ZONA2,FALSE
P159,CLI-123,2025-11-23,PENDIENTE,ZONA2,FALSE
P160,CLI-123,2025-11-23,PENDIENTE,ZONA2,FALSE
P161,CLI-123,2025-11-23,PENDIENTE,ZONA2,FALSE
P162,CLI-123,2025-11-23,PENDIENTE,ZONA2,FALSE
P163,CLI-123,2025-11-23,PENDIENTE,ZONA2,FALSE
P164,CLI-123,2025-11-23,PENDIENTE,ZONA2,FALSE
P165,CLI-123,2025-11-23,PENDIENTE,ZONA2,TRUE
P166,CLI-123,2025-11-23,PENDIENTE,ZONA2,TRUE
P167,CLI-123,2025-11-23,PENDIENTE,ZONA2,TRUE
P168,CLI-123,2025-11-23,PENDIENTE,ZONA2,TRUE
P169,CLI-123,2025-11-23,PENDIENTE,ZONA2,TRUE
P170,CLI-123,2025-11-23,PENDIENTE,ZONA2,TRUE
P171,CLI-123,2025-11-23,PENDIENTE,ZONA2,TRUE
P172,CLI-123,2025-11-23,PENDIENTE,ZONA2,TRUE
P173,CLI-123,2025-11-23,PENDIENTE,ZONA2,TRUE
P174,CLI-123,2025-11-23,PENDIENTE,ZONA2,TRUE
P175,CLI-123,2025-11-23,PENDIENTE,ZONA2,TRUE
P176,CLI-123,2025-11-23,PENDIENTE,ZONA2,TRUE
P177,CLI-123,2025-11-23,PENDIENTE,ZONA2,TRUE
P178,CLI-123,2025-11-23,PENDIENTE,ZONA2,TRUE
P179,CLI-123,2025-11-23,PENDIENTE,ZONA2,TRUE
P180,CLI-123,2025-11-23,PENDIENTE,ZONA2,TRUE
P181,CLI-123,2025-11-23,PENDIENTE,ZONA2,TRUE
P182,CLI-123,2025-11-23,PENDIENTE,ZONA2,TRUE
P183,CLI-123,2025-11-23,PENDIENTE,ZONA2,TRUE
P184,CLI-123,2025-11-23,PENDIENTE,ZONA2,TRUE
P185,CLI-123,2025-11-23,PENDIENTE,ZONA2,TRUE
P186,CLI-123,2025-11-23,PENDIENTE,ZONA2,TRUE
P187,CLI-123,2025-11-23,PENDIENTE,ZONA2,TRUE
P188,CLI-123,2025-11-23,PENDIENTE,ZONA2,TRUE
P189,CLI-123,2025-11-23,PENDIENTE,ZONA2,TRUE
P190,CLI-123,2025-11-23,PENDIENTE,ZONA2,TRUE
P191,CLI-123,2025-11-23,PENDIENTE,ZONA2,TRUE
P192,CLI-123,2025-11-23,PENDIENTE,ZONA2,TRUE
P193,CLI-123,2025-11-23,PENDIENTE,ZONA2,TRUE
P194,CLI-123,2025-11-23,PENDIENTE,ZONA2,TRUE
P195,CLI-123,2025-11-23,PENDIENTE,ZONA2,TRUE
P196,CLI-123,2025-11-23,PENDIENTE,ZONA2,TRUE
P197,CLI-123,2025-11-23,PENDIENTE,ZONA2,TRUE
P198,CLI-123,2025-11-23,PENDIENTE,ZONA2,TRUE
P199,CLI-123,2025-11-23,PENDIENTE,ZONA2,TRUE
P200,CLI-123,2025-11-23,PENDIENTE,ZONA2,TRUE
P201,CLI-123,2025-11-23,PENDIENTE,ZONA2,TRUE
P202,CLI-123,2025-11-23,PENDIENTE,ZONA2,TRUE
P203,CLI-123,2025-11-23,PENDIENTE,ZONA2,TRUE
P204,CLI-123,2025-11-23,PENDIENTE,ZONA2,TRUE
P205,CLI-123,2025-11-23,PENDIENTE,ZONA2,TRUE
P206,CLI-123,2025-11-23,PENDIENTE,ZONA2,TRUE
P207,CLI-123,2025-11-23,PENDIENTE,ZONA2,TRUE
P208,CLI-123,2025-11-23,PENDIENTE,ZONA2,TRUE
P209,CLI-123,2025-11-23,PENDIENTE,ZONA2,TRUE
P210,CLI-123,2025-11-23,PENDIENTE,ZONA2,TRUE
P211,CLI-123,2025-11-23,PENDIENTE,ZONA2,TRUE
P212,CLI-123,2025-11-23,PENDIENTE,ZONA2,TRUE
P213,CLI-123,2025-11-23,PENDIENTE,ZONA2,TRUE
P214,CLI-123,2025-11-23,PENDIENTE,ZONA2,TRUE
P215,CLI-123,2025-11-23,PENDIENTE,ZONA2,TRUE
P216,CLI-123,2025-11-23,PENDIENTE,ZONA2,TRUE
P217,CLI-123,2025-11-23,PENDIENTE,ZONA2,TRUE
P218,CLI-123,2025-11-23,PENDIENTE,ZONA2,TRUE
P219,CLI-123,2025-11-23,PENDIENTE,ZONA2,TRUE
P220,CLI-123,2025-11-23,PENDIENTE,ZONA2,TRUE
P221,CLI-123,2025-11-23,PENDIENTE,ZONA2,TRUE
P222,CLI-123,2025-11-23,PENDIENTE,ZONA2,TRUE
P223,CLI-123,2025-11-23,PENDIENTE,ZONA2,TRUE
P224,CLI-123,2025-11-23,PENDIENTE,ZONA2,TRUE
P225,CLI-123,2025-11-23,PENDIENTE,ZONA2,TRUE
P226,CLI-123,2025-11-23,PENDIENTE,ZONA2,TRUE
P227,CLI-123,2025-11-23,PENDIENTE,ZONA2,TRUE
P228,CLI-123,2025-11-23,PENDIENTE,ZONA2,TRUE
P229,CLI-123,2025-11-23,PENDIENTE,ZONA2,TRUE
P230,CLI-123,2025-11-23,PENDIENTE,ZONA2,TRUE
P231,CLI-123,2025-11-23,PENDIENTE,ZONA2,TRUE
P232,CLI-123,2025-11-23,PENDIENTE,ZONA2,TRUE
P233,CLI-123,2025-11-23,PENDIENTE,ZONA2,TRUE
P234,CLI-123,2025-11-23,PENDIENTE,ZONA2,TRUE
P235,CLI-123,2025-11-23,PENDIENTE,ZONA2,TRUE
P236,CLI-123,2025-11-23,PENDIENTE,ZONA2,TRUE
P237,CLI-123,2025-11-23,PENDIENTE,ZONA2,TRUE
P238,CLI-123,2025-11-23,PENDIENTE,ZONA2,TRUE
P239,CLI-123,2025-11-23,PENDIENTE,ZONA2,TRUE
P240,CLI-123,2025-11-23,PENDIENTE,ZONA2,TRUE
P241,CLI-123,2025-11-23,PENDIENTE,ZONA2,TRUE
P242,CLI-123,2025-11-23,PENDIENTE,ZONA2,TRUE
P243,CLI-123,2025-11-23,PENDIENTE,ZONA2,TRUE
P244,CLI-123,2025-11-23,PENDIENTE,ZONA2,TRUE
P245,CLI-123,2025-11-23,PENDIENTE,ZONA2,TRUE
P246,CLI-123,2025-11-23,PENDIENTE,ZONA2,TRUE
P247,CLI-123,2025-11-23,PENDIENTE,ZONA2,TRUE
P248,CLI-123,2025-11-23,PENDIENTE,ZONA2,TRUE
P249,CLI-123,2025-11-23,PENDIENTE,ZONA2,TRUE
P250,CLI-123,2025-11-23,PENDIENTE,ZONA2,TRUE
P251,CLI-123,2025-11-23,PENDIENTE,ZONA2,TRUE
P252,CLI-123,2025-11-23,PENDIENTE,ZONA2,TRUE
P253,CLI-123,2025-11-23,PENDIENTE,ZONA2,TRUE
P254,CLI-123,2025-11-23,PENDIENTE,ZONA2,TRUE
P255,CLI-123,2025-11-23,PENDIENTE,ZONA2,TRUE
P256,CLI-123,2025-11-23,PENDIENTE,ZONA2,TRUE
P257,CLI-123,2025-11-23,PENDIENTE,ZONA2,TRUE
P258,CLI-123,2025-11-23,PENDIENTE,ZONA2,TRUE
P259,CLI-123,2025-11-23,PENDIENTE,ZONA2,TRUE
P260,CLI-123,2025-11-23,PENDIENTE,ZONA2,TRUE
P261,CLI-123,2025-11-23,PENDIENTE,ZONA2,TRUE
P262,CLI-123,2025-11-23,PENDIENTE,ZONA2,TRUE
P263,CLI-123,2025-11-23,PENDIENTE,ZONA2,TRUE
P264,CLI-123,2025-11-23,PENDIENTE,ZONA2,TRUE
P265,CLI-123,2025-11-23,PENDIENTE,ZONA2,TRUE
P266,CLI-123,2025-11-23,PENDIENTE,ZONA2,TRUE
P267,CLI-123,2025-11-23,PENDIENTE,ZONA2,TRUE
P268,CLI-123,2025-11-23,PENDIENTE,ZONA2,TRUE
P269,CLI-123,2025-11-23,PENDIENTE,ZONA2,TRUE
P270,CLI-123,2025-11-23,PENDIENTE,ZONA2,TRUE
P271,CLI-123,2025-11-23,PENDIENTE,ZONA2,TRUE
P272,CLI-123,2025-11-23,PENDIENTE,ZONA2,TRUE
P273,CLI-123,2025-11-23,PENDIENTE,ZONA2,TRUE
P274,CLI-123,2025-11-23,PENDIENTE,ZONA2,TRUE
P275,CLI-123,2025-11-23,PENDIENTE,ZONA2,TRUE
P276,CLI-123,2025-11-23,PENDIENTE,ZONA2,TRUE
P277,CLI-123,2025-11-23,PENDIENTE,ZONA2,TRUE
P278,CLI-123,2025-11-23,PENDIENTE,ZONA2,TRUE
P279,CLI-123,2025-11-23,PENDIENTE,ZONA2,TRUE
P280,CLI-123,2025-11-23,PENDIENTE,ZONA2,TRUE
P281,CLI-123,2025-11-23,PENDIENTE,ZONA2,TRUE
P282,CLI-123,2025-11-23,PENDIENTE,ZONA2,TRUE
P283,CLI-123,2025-11-23,PENDIENTE,ZONA2,TRUE
P284,CLI-123,2025-11-23,PENDIENTE,ZONA2,TRUE
P285,CLI-123,2025-11-23,PENDIENTE,ZONA2,TRUE
P286,CLI-123,2025-11-23,PENDIENTE,ZONA2,TRUE
P287,CLI-123,2025-11-23,PENDIENTE,ZONA2,TRUE
P288,CLI-123,2025-11-23,PENDIENTE,ZONA2,TRUE
P289,CLI-123,2025-11-23,PENDIENTE,ZONA2,TRUE
P290,CLI-123,2025-11-23,PENDIENTE,ZONA2,TRUE
P291,CLI-123,2025-11-23,PENDIENTE,ZONA2,TRUE
P292,CLI-123,2025-11-23,PENDIENTE,ZONA2,TRUE
P293,CLI-123,2025-11-23,PENDIENTE,ZONA2,TRUE
P294,CLI-123,2025-11-23,PENDIENTE,ZONA2,TRUE
P295,CLI-123,2025-11-23,PENDIENTE,ZONA2,TRUE
P296,CLI-123,2025-11-23,PENDIENTE,ZONA2,TRUE
P297,CLI-123,2025-11-23,PENDIENTE,ZONA2,TRUE
P298,CLI-123,2025-11-23,PENDIENTE,ZONA2,TRUE
P299,CLI-123,2025-11-23,PENDIENTE,ZONA2,TRUE
P300,CLI-123,2025-11-23,PENDIENTE,ZONA2,TRUE
P301,CLI-123,2025-11-23,PENDIENTE,ZONA2,TRUE
P302,CLI-123,2025-11-23,PENDIENTE,ZONA2,TRUE
P303,CLI-123,2025-11-23,PENDIENTE,ZONA2,TRUE
P304,CLI-123,2025-11-23,PENDIENTE,ZONA2,TRUE
P305,CLI-123,2025-11-23,PENDIENTE,ZONA2,TRUE
P306,CLI-123,2025-11-23,PENDIENTE,ZONA2,TRUE
P307,CLI-123,2025-11-23,PENDIENTE,ZONA2,TRUE
P308,CLI-123,2025-11-23,PENDIENTE,ZONA2,TRUE
P309,CLI-123,2025-11-23,PENDIENTE,ZONA2,TRUE
P310,CLI-123,2025-11-23,PENDIENTE,ZONA2,TRUE
P311,CLI-123,2025-11-23,PENDIENTE,ZONA2,TRUE
P312,CLI-123,2025-11-23,PENDIENTE,ZONA2,TRUE
P313,CLI-123,2025-11-23,PENDIENTE,ZONA2,TRUE
P314,CLI-123,2025-11-23,PENDIENTE,ZONA2,TRUE
P315,CLI-123,2025-11-23,PENDIENTE,ZONA2,TRUE
P316,CLI-123,2025-11-23,PENDIENTE,ZONA2,TRUE
P317,CLI-123,2025-11-23,PENDIENTE,ZONA2,TRUE
P318,CLI-123,2025-11-23,PENDIENTE,ZONA2,TRUE
P319,CLI-123,2025-11-23,PENDIENTE,ZONA2,TRUE
P320,CLI-123,2025-11-23,PENDIENTE,ZONA2,TRUE
P321,CLI-123,2025-11-23,PENDIENTE,ZONA2,TRUE
P322,CLI-123,2025-11-23,PENDIENTE,ZONA2,TRUE
P323,CLI-123,2025-11-23,PENDIENTE,ZONA2,TRUE
P324,CLI-123,2025-11-23,PENDIENTE,ZONA2,TRUE
P325,CLI-123,2025-11-23,PENDIENTE,ZONA2,TRUE
P326,CLI-123,2025-11-23,PENDIENTE,ZONA2,TRUE
P327,CLI-123,2025-11-23,PENDIENTE,ZONA2,TRUE
P328,CLI-123,2025-11-23,PENDIENTE,ZONA2,TRUE
P329,CLI-123,2025-11-23,PENDIENTE,ZONA2,TRUE
P330,CLI-123,2025-11-23,PENDIENTE,ZONA2,TRUE
P331,CLI-123,2025-11-23,PENDIENTE,ZONA2,TRUE
P332,CLI-123,2025-11-23,PENDIENTE,ZONA2,TRUE
P333,CLI-123,2025-11-23,PENDIENTE,ZONA2,TRUE
P334,CLI-123,2025-11-23,PENDIENTE,ZONA2,TRUE
P335,CLI-123,2025-11-23,PENDIENTE,ZONA2,TRUE
P336,CLI-123,2025-11-23,PENDIENTE,ZONA2,TRUE
P337,CLI-123,2025-11-23,PENDIENTE,ZONA2,TRUE
P338,CLI-123,2025-11-23,PENDIENTE,ZONA2,TRUE
P339,CLI-123,2025-11-23,PENDIENTE,ZONA2,TRUE
P340,CLI-123,2025-11-23,PENDIENTE,ZONA2,TRUE
P341,CLI-123,2025-11-23,PENDIENTE,ZONA2,TRUE
P342,CLI-123,2025-11-23,PENDIENTE,ZONA2,TRUE
P343,CLI-123,2025-11-23,PENDIENTE,ZONA2,TRUE
P344,CLI-123,2025-11-23,PENDIENTE,ZONA2,TRUE
P345,CLI-123,2025-11-23,PENDIENTE,ZONA2,TRUE
P346,CLI-123,2025-11-23,PENDIENTE,ZONA2,TRUE
P347,CLI-123,2025-11-23,PENDIENTE,ZONA2,TRUE
P348,CLI-123,2025-11-23,PENDIENTE,ZONA2,TRUE
P349,CLI-123,2025-11-23,PENDIENTE,ZONA2,TRUE
P350,CLI-123,2025-11-23,PENDIENTE,ZONA2,TRUE
P351,CLI-123,2025-11-23,PENDIENTE,ZONA2,TRUE
P352,CLI-123,2025-11-23,PENDIENTE,ZONA2,TRUE
P353,CLI-123,2025-11-23,PENDIENTE,ZONA2,TRUE
P354,CLI-123,2025-11-23,PENDIENTE,ZONA2,TRUE
P355,CLI-123,2025-11-23,PENDIENTE,ZONA2,TRUE
P356,CLI-123,2025-11-23,PENDIENTE,ZONA2,TRUE
P357,CLI-123,2025-11-23,PENDIENTE,ZONA2,TRUE
P358,CLI-123,2025-11-23,PENDIENTE,ZONA2,TRUE
P359,CLI-123,2025-11-23,PENDIENTE,ZONA2,TRUE
P360,CLI-123,2025-11-23,PENDIENTE,ZONA2,TRUE
P361,CLI-123,2025-11-23,PENDIENTE,ZONA2,TRUE
P362,CLI-123,2025-11-23,PENDIENTE,ZONA2,TRUE
P363,CLI-123,2025-11-23,PENDIENTE,ZONA2,TRUE
P364,CLI-123,2025-11-23,PENDIENTE,ZONA2,TRUE
P365,CLI-123,2025-11-23,PENDIENTE,ZONA2,TRUE
P366,CLI-123,2025-11-23,PENDIENTE,ZONA2,TRUE
P367,CLI-123,2025-11-23,PENDIENTE,ZONA2,TRUE
P368,CLI-123,2025-11-23,PENDIENTE,ZONA2,TRUE
P369,CLI-123,2025-11-23,PENDIENTE,ZONA2,TRUE
P370,CLI-123,2025-11-23,PENDIENTE,ZONA2,TRUE
P371,CLI-123,2025-11-23,PENDIENTE,ZONA2,TRUE
P372,CLI-123,2025-11-23,PENDIENTE,ZONA2,TRUE
P373,CLI-123,2025-11-23,PENDIENTE,ZONA2,TRUE
P374,CLI-123,2025-11-23,PENDIENTE,ZONA2,TRUE
P375,CLI-123,2025-11-23,PENDIENTE,ZONA2,TRUE
P376,CLI-123,2025-11-23,PENDIENTE,ZONA2,TRUE
P377,CLI-123,2025-11-23,PENDIENTE,ZONA2,TRUE
P378,CLI-123,2025-11-23,PENDIENTE,ZONA2,TRUE
P379,CLI-123,2025-11-23,PENDIENTE,ZONA2,TRUE
P380,CLI-123,2025-11-23,PENDIENTE,ZONA2,TRUE
P381,CLI-123,2025-11-23,PENDIENTE,ZONA2,TRUE
P382,CLI-123,2025-11-23,PENDIENTE,ZONA2,TRUE
P383,CLI-123,2025-11-23,PENDIENTE,ZONA2,TRUE
P384,CLI-123,2025-11-23,PENDIENTE,ZONA2,TRUE
P385,CLI-123,2025-11-23,PENDIENTE,ZONA2,TRUE
P386,CLI-123,2025-11-23,PENDIENTE,ZONA2,TRUE
P387,CLI-123,2025-11-23,PENDIENTE,ZONA2,TRUE
P388,CLI-123,2025-11-23,PENDIENTE,ZONA2,TRUE
P389,CLI-123,2025-11-23,PENDIENTE,ZONA2,TRUE
P390,CLI-123,2025-11-23,PENDIENTE,ZONA2,TRUE
P391,CLI-123,2025-11-23,PENDIENTE,ZONA2,TRUE
P392,CLI-123,2025-11-23,PENDIENTE,ZONA2,TRUE
P393,CLI-123,2025-11-23,PENDIENTE,ZONA2,TRUE
P394,CLI-123,2025-11-23,PENDIENTE,ZONA2,TRUE
P395,CLI-123,2025-11-23,PENDIENTE,ZONA2,TRUE
P396,CLI-123,2025-11-23,PENDIENTE,ZONA2,TRUE
P397,CLI-123,2025-11-23,PENDIENTE,ZONA2,TRUE
P398,CLI-123,2025-11-23,PENDIENTE,ZONA2,TRUE
P399,CLI-123,2025-11-23,PENDIENTE,ZONA2,TRUE
P400,CLI-123,2025-11-23,PENDIENTE,ZONA2,TRUE
P401,CLI-123,2025-11-23,PENDIENTE,ZONA2,TRUE
P402,CLI-123,2025-11-23,PENDIENTE,ZONA2,TRUE
P403,CLI-123,2025-11-23,PENDIENTE,ZONA2,TRUE
P404,CLI-123,2025-11-23,PENDIENTE,ZONA2,TRUE
P405,CLI-123,2025-11-23,PENDIENTE,ZONA2,TRUE
P406,CLI-123,2025-11-23,PENDIENTE,ZONA2,TRUE
P407,CLI-123,2025-11-23,PENDIENTE,ZONA2,TRUE
P408,CLI-123,2025-11-23,PENDIENTE,ZONA2,TRUE
P409,CLI-123,2025-11-23,PENDIENTE,ZONA2,TRUE
P410,CLI-123,2025-11-23,PENDIENTE,ZONA2,TRUE
P411,CLI-123,2025-11-23,PENDIENTE,ZONA2,TRUE
P412,CLI-123,2025-11-23,PENDIENTE,ZONA2,TRUE
P413,CLI-123,2025-11-23,PENDIENTE,ZONA2,TRUE
P414,CLI-123,2025-11-23,PENDIENTE,ZONA2,TRUE
P415,CLI-123,2025-11-23,PENDIENTE,ZONA2,TRUE
P416,CLI-123,2025-11-23,PENDIENTE,ZONA2,TRUE
P417,CLI-123,2025-11-23,PENDIENTE,ZONA2,TRUE
P418,CLI-123,2025-11-23,PENDIENTE,ZONA2,TRUE
P419,CLI-123,2025-11-23,PENDIENTE,ZONA2,TRUE
P420,CLI-123,2025-11-23,PENDIENTE,ZONA2,TRUE
P421,CLI-123,2025-11-23,PENDIENTE,ZONA2,TRUE
P422,CLI-123,2025-11-23,PENDIENTE,ZONA2,TRUE
P423,CLI-123,2025-11-23,PENDIENTE,ZONA2,TRUE
P424,CLI-123,2025-11-23,PENDIENTE,ZONA2,TRUE
P425,CLI-123,2025-11-23,PENDIENTE,ZONA2,TRUE
P426,CLI-123,2025-11-23,PENDIENTE,ZONA2,TRUE
P427,CLI-123,2025-11-23,PENDIENTE,ZONA2,TRUE
P428,CLI-123,2025-11-23,PENDIENTE,ZONA2,TRUE
P429,CLI-123,2025-11-23,PENDIENTE,ZONA2,TRUE
P430,CLI-123,2025-11-23,PENDIENTE,ZONA2,TRUE
P431,CLI-123,2025-11-23,PENDIENTE,ZONA2,TRUE
P432,CLI-123,2025-11-23,PENDIENTE,ZONA2,TRUE
P433,CLI-123,2025-11-23,PENDIENTE,ZONA2,TRUE
P434,CLI-123,2025-11-23,PENDIENTE,ZONA2,TRUE
P435,CLI-123,2025-11-23,PENDIENTE,ZONA2,TRUE
P436,CLI-123,2025-11-23,PENDIENTE,ZONA2,TRUE
P437,CLI-123,2025-11-23,PENDIENTE,ZONA2,TRUE
P438,CLI-123,2025-11-23,PENDIENTE,ZONA2,TRUE
P439,CLI-123,2025-11-23,PENDIENTE,ZONA2,TRUE
P440,CLI-123,2025-11-23,PENDIENTE,ZONA2,TRUE
P441,CLI-123,2025-11-23,PENDIENTE,ZONA2,TRUE
P442,CLI-123,2025-11-23,PENDIENTE,ZONA2,TRUE
P443,CLI-123,2025-11-23,PENDIENTE,ZONA2,TRUE
P444,CLI-123,2025-11-23,PENDIENTE,ZONA2,TRUE
P445,CLI-123,2025-11-23,PENDIENTE,ZONA2,TRUE
P446,CLI-123,2025-11-23,PENDIENTE,ZONA2,TRUE
P447,CLI-123,2025-11-23,PENDIENTE,ZONA2,TRUE
P448,CLI-123,2025-11-23,PENDIENTE,ZONA2,TRUE
P449,CLI-123,2025-11-23,PENDIENTE,ZONA2,TRUE
P450,CLI-123,2025-11-23,PENDIENTE,ZONA2,TRUE
P451,CLI-123,2025-11-23,PENDIENTE,ZONA2,TRUE
P452,CLI-123,2025-11-23,PENDIENTE,ZONA2,TRUE
P453,CLI-123,2025-11-23,PENDIENTE,ZONA2,TRUE
P454,CLI-123,2025-11-23,PENDIENTE,ZONA2,TRUE
P455,CLI-123,2025-11-23,PENDIENTE,ZONA2,TRUE
P456,CLI-123,2025-11-23,PENDIENTE,ZONA2,TRUE
P457,CLI-123,2025-11-23,PENDIENTE,ZONA2,TRUE
P458,CLI-123,2025-11-23,PENDIENTE,ZONA2,TRUE
P459,CLI-123,2025-11-23,PENDIENTE,ZONA2,TRUE
P460,CLI-123,2025-11-23,PENDIENTE,ZONA2,TRUE
P461,CLI-123,2025-11-23,PENDIENTE,ZONA2,TRUE
P462,CLI-123,2025-11-23,PENDIENTE,ZONA2,TRUE
P463,CLI-123,2025-11-23,PENDIENTE,ZONA2,TRUE
P464,CLI-123,2025-11-23,PENDIENTE,ZONA2,TRUE
P465,CLI-123,2025-11-23,PENDIENTE,ZONA2,TRUE
P466,CLI-123,2025-11-23,PENDIENTE,ZONA2,TRUE
P467,CLI-123,2025-11-23,PENDIENTE,ZONA2,TRUE
P468,CLI-123,2025-11-23,PENDIENTE,ZONA2,TRUE
P469,CLI-123,2025-11-23,PENDIENTE,ZONA2,TRUE
P470,CLI-123,2025-11-23,PENDIENTE,ZONA2,TRUE
P471,CLI-123,2025-11-23,PENDIENTE,ZONA2,TRUE
P472,CLI-123,2025-11-23,PENDIENTE,ZONA2,TRUE
P473,CLI-123,2025-11-23,PENDIENTE,ZONA2,TRUE
P474,CLI-123,2025-11-23,PENDIENTE,ZONA2,TRUE
P475,CLI-123,2025-11-23,PENDIENTE,ZONA2,TRUE
P476,CLI-123,2025-11-23,PENDIENTE,ZONA2,TRUE
P477,CLI-123,2025-11-23,PENDIENTE,ZONA2,TRUE
P478,CLI-123,2025-11-23,PENDIENTE,ZONA2,TRUE
P479,CLI-123,2025-11-23,PENDIENTE,ZONA2,TRUE
P480,CLI-123,2025-11-23,PENDIENTE,ZONA2,TRUE
P481,CLI-123,2025-11-23,PENDIENTE,ZONA2,TRUE
P482,CLI-123,2025-11-23,PENDIENTE,ZONA2,TRUE
P483,CLI-123,2025-11-23,PENDIENTE,ZONA2,TRUE
P484,CLI-123,2025-11-23,PENDIENTE,ZONA2,TRUE
P485,CLI-123,2025-11-23,PENDIENTE,ZONA2,TRUE
P486,CLI-123,2025-11-23,PENDIENTE,ZONA2,TRUE
P487,CLI-123,2025-11-23,PENDIENTE,ZONA2,TRUE
P488,CLI-123,2025-11-23,PENDIENTE,ZONA2,TRUE
P489,CLI-123,2025-11-23,PENDIENTE,ZONA2,TRUE
P490,CLI-123,2025-11-23,PENDIENTE,ZONA2,TRUE
P491,CLI-123,2025-11-23,PENDIENTE,ZONA2,TRUE
P492,CLI-123,2025-11-23,PENDIENTE,ZONA2,TRUE
P493,CLI-123,2025-11-23,PENDIENTE,ZONA2,TRUE
P494,CLI-123,2025-11-23,PENDIENTE,ZONA2,TRUE
P495,CLI-123,2025-11-23,PENDIENTE,ZONA2,TRUE
P496,CLI-123,2025-11-23,PENDIENTE,ZONA2,TRUE
P497,CLI-123,2025-11-23,PENDIENTE,ZONA2,TRUE
P498,CLI-123,2025-11-23,PENDIENTE,ZONA2,TRUE
P499,CLI-123,2025-11-23,PENDIENTE,ZONA2,TRUE
P500,CLI-123,2025-11-23,PENDIENTE,ZONA2,TRUE
P501,CLI-123,2025-11-23,PENDIENTE,ZONA2,TRUE
P502,CLI-123,2025-11-23,PENDIENTE,ZONA2,TRUE
P503,CLI-123,2025-11-23,PENDIENTE,ZONA2,TRUE
P504,CLI-123,2025-11-23,PENDIENTE,ZONA2,TRUE
P505,CLI-123,2025-11-23,PENDIENTE,ZONA2,TRUE
P506,CLI-123,2025-11-23,PENDIENTE,ZONA2,TRUE
P507,CLI-123,2025-11-23,PENDIENTE,ZONA2,TRUE
P508,CLI-123,2025-11-23,PENDIENTE,ZONA2,TRUE
P509,CLI-123,2025-11-23,PENDIENTE,ZONA2,TRUE
P510,CLI-123,2025-11-23,PENDIENTE,ZONA2,TRUE
P511,CLI-123,2025-11-23,PENDIENTE,ZONA2,TRUE
P512,CLI-123,2025-11-23,PENDIENTE,ZONA2,TRUE
P513,CLI-123,2025-11-23,PENDIENTE,ZONA2,TRUE
P514,CLI-123,2025-11-23,PENDIENTE,ZONA2,TRUE
P515,CLI-123,2025-11-23,PENDIENTE,ZONA2,TRUE
P516,CLI-123,2025-11-23,PENDIENTE,ZONA2,TRUE
P517,CLI-123,2025-11-23,PENDIENTE,ZONA2,TRUE
P518,CLI-123,2025-11-23,PENDIENTE,ZONA2,TRUE
P519,CLI-123,2025-11-23,PENDIENTE,ZONA2,TRUE
P520,CLI-123,2025-11-23,PENDIENTE,ZONA2,TRUE
P521,CLI-123,2025-11-23,PENDIENTE,ZONA2,TRUE
P522,CLI-123,2025-11-23,PENDIENTE,ZONA2,TRUE
P523,CLI-123,2025-11-23,PENDIENTE,ZONA2,TRUE
P524,CLI-123,2025-11-23,PENDIENTE,ZONA2,TRUE
P525,CLI-123,2025-11-23,PENDIENTE,ZONA2,TRUE
P526,CLI-123,2025-11-23,PENDIENTE,ZONA2,TRUE
P527,CLI-123,2025-11-23,PENDIENTE,ZONA2,TRUE
P528,CLI-123,2025-11-23,PENDIENTE,ZONA2,TRUE
P529,CLI-123,2025-11-23,PENDIENTE,ZONA2,TRUE
P530,CLI-123,2025-11-23,PENDIENTE,ZONA2,TRUE
P531,CLI-123,2025-11-23,PENDIENTE,ZONA2,TRUE
P532,CLI-123,2025-11-23,PENDIENTE,ZONA2,TRUE
P533,CLI-123,2025-11-23,PENDIENTE,ZONA2,TRUE
P534,CLI-123,2025-11-23,PENDIENTE,ZONA2,TRUE
P535,CLI-123,2025-11-23,PENDIENTE,ZONA2,TRUE
P536,CLI-123,2025-11-23,PENDIENTE,ZONA2,TRUE
P537,CLI-123,2025-11-23,PENDIENTE,ZONA2,TRUE
P538,CLI-123,2025-11-23,PENDIENTE,ZONA2,TRUE
P539,CLI-123,2025-11-23,PENDIENTE,ZONA2,TRUE
P540,CLI-123,2025-11-23,PENDIENTE,ZONA2,TRUE
P541,CLI-123,2025-11-23,PENDIENTE,ZONA2,TRUE
P542,CLI-123,2025-11-23,PENDIENTE,ZONA2,TRUE
P543,CLI-123,2025-11-23,PENDIENTE,ZONA2,TRUE
P544,CLI-123,2025-11-23,PENDIENTE,ZONA2,TRUE
P545,CLI-123,2025-11-23,PENDIENTE,ZONA2,TRUE
P546,CLI-123,2025-11-23,PENDIENTE,ZONA2,TRUE
P547,CLI-123,2025-11-23,PENDIENTE,ZONA2,TRUE
P548,CLI-123,2025-11-23,PENDIENTE,ZONA2,TRUE
P549,CLI-123,2025-11-23,PENDIENTE,ZONA2,TRUE
P550,CLI-123,2025-11-23,PENDIENTE,ZONA2,TRUE
P551,CLI-123,2025-11-23,PENDIENTE,ZONA2,TRUE
P552,CLI-123,2025-11-23,PENDIENTE,ZONA2,TRUE
P553,CLI-123,2025-11-23,PENDIENTE,ZONA2,TRUE
P554,CLI-123,2025-11-23,PENDIENTE,ZONA2,TRUE
P555,CLI-123,2025-11-23,PENDIENTE,ZONA2,TRUE
P556,CLI-123,2025-11-23,PENDIENTE,ZONA2,TRUE
P557,CLI-123,2025-11-23,PENDIENTE,ZONA2,TRUE
P558,CLI-123,2025-11-23,PENDIENTE,ZONA2,TRUE
P559,CLI-123,2025-11-23,PENDIENTE,ZONA2,TRUE
P560,CLI-123,2025-11-23,PENDIENTE,ZONA2,TRUE
P561,CLI-123,2025-11-23,PENDIENTE,ZONA2,TRUE
P562,CLI-123,2025-11-23,PENDIENTE,ZONA2,TRUE
P563,CLI-123,2025-11-23,PENDIENTE,ZONA2,TRUE
P564,CLI-123,2025-11-23,PENDIENTE,ZONA2,TRUE
P565,CLI-123,2025-11-23,PENDIENTE,ZONA2,TRUE
P566,CLI-123,2025-11-23,PENDIENTE,ZONA2,TRUE
P567,CLI-123,2025-11-23,PENDIENTE,ZONA2,TRUE
P568,CLI-123,2025-11-23,PENDIENTE,ZONA2,TRUE
P569,CLI-123,2025-11-23,PENDIENTE,ZONA2,TRUE
P570,CLI-123,2025-11-23,PENDIENTE,ZONA2,TRUE
P571,CLI-123,2025-11-23,PENDIENTE,ZONA2,TRUE
P572,CLI-123,2025-11-23,PENDIENTE,ZONA2,TRUE
P573,CLI-123,2025-11-23,PENDIENTE,ZONA2,TRUE
P574,CLI-123,2025-11-23,PENDIENTE,ZONA2,TRUE
P575,CLI-123,2025-11-23,PENDIENTE,ZONA2,TRUE
P576,CLI-123,2025-11-23,PENDIENTE,ZONA2,TRUE
P577,CLI-123,2025-11-23,PENDIENTE,ZONA2,TRUE
P578,CLI-123,2025-11-23,PENDIENTE,ZONA2,TRUE
P579,CLI-123,2025-11-23,PENDIENTE,ZONA2,TRUE
P580,CLI-123,2025-11-23,PENDIENTE,ZONA2,TRUE
P581,CLI-123,2025-11-23,PENDIENTE,ZONA2,TRUE
P582,CLI-123,2025-11-23,PENDIENTE,ZONA2,TRUE
P583,CLI-123,2025-11-23,PENDIENTE,ZONA2,TRUE
P584,CLI-123,2025-11-23,PENDIENTE,ZONA2,TRUE
P585,CLI-123,2025-11-23,PENDIENTE,ZONA2,TRUE
P586,CLI-123,2025-11-23,PENDIENTE,ZONA2,TRUE
P587,CLI-123,2025-11-23,PENDIENTE,ZONA2,TRUE
P588,CLI-123,2025-11-23,PENDIENTE,ZONA2,TRUE
P589,CLI-123,2025-11-23,PENDIENTE,ZONA2,TRUE
P590,CLI-123,2025-11-23,PENDIENTE,ZONA2,TRUE
P591,CLI-123,2025-11-23,PENDIENTE,ZONA2,TRUE
P592,CLI-123,2025-11-23,PENDIENTE,ZONA2,TRUE
P593,CLI-123,2025-11-23,PENDIENTE,ZONA2,TRUE
P594,CLI-123,2025-11-23,PENDIENTE,ZONA2,TRUE
P595,CLI-123,2025-11-23,PENDIENTE,ZONA2,TRUE
P596,CLI-123,2025-11-23,PENDIENTE,ZONA2,TRUE
P597,CLI-123,2025-11-23,PENDIENTE,ZONA2,TRUE
P598,CLI-123,2025-11-23,PENDIENTE,ZONA2,TRUE
P599,CLI-123,2025-11-23,PENDIENTE,ZONA2,TRUE
P600,CLI-123,2025-11-23,PENDIENTE,ZONA2,TRUE
P601,CLI-123,2025-11-23,PENDIENTE,ZONA2,TRUE
P602,CLI-123,2025-11-23,PENDIENTE,ZONA2,TRUE
P603,CLI-123,2025-11-23,PENDIENTE,ZONA2,TRUE
P604,CLI-123,2025-11-23,PENDIENTE,ZONA2,TRUE
P605,CLI-123,2025-11-23,PENDIENTE,ZONA2,TRUE
P606,CLI-123,2025-11-23,PENDIENTE,ZONA2,TRUE
P607,CLI-123,2025-11-23,PENDIENTE,ZONA2,TRUE
P608,CLI-123,2025-11-23,PENDIENTE,ZONA2,TRUE
P609,CLI-123,2025-11-23,PENDIENTE,ZONA2,TRUE
P610,CLI-123,2025-11-23,PENDIENTE,ZONA2,TRUE
P611,CLI-123,2025-11-23,PENDIENTE,ZONA2,TRUE
P612,CLI-123,2025-11-23,PENDIENTE,ZONA2,TRUE
P613,CLI-123,2025-11-23,PENDIENTE,ZONA2,TRUE
P614,CLI-123,2025-11-23,PENDIENTE,ZONA2,TRUE
P615,CLI-123,2025-11-23,PENDIENTE,ZONA2,TRUE
P616,CLI-123,2025-11-23,PENDIENTE,ZONA2,TRUE
P617,CLI-123,2025-11-23,PENDIENTE,ZONA2,TRUE
P618,CLI-123,2025-11-23,PENDIENTE,ZONA2,TRUE
P619,CLI-123,2025-11-23,PENDIENTE,ZONA2,TRUE
P620,CLI-123,2025-11-23,PENDIENTE,ZONA2,TRUE
P621,CLI-123,2025-11-23,PENDIENTE,ZONA2,TRUE
P622,CLI-123,2025-11-23,PENDIENTE,ZONA2,TRUE
P623,CLI-123,2025-11-23,PENDIENTE,ZONA2,TRUE
P624,CLI-123,2025-11-23,PENDIENTE,ZONA2,TRUE
P625,CLI-123,2025-11-23,PENDIENTE,ZONA2,TRUE
P626,CLI-123,2025-11-23,PENDIENTE,ZONA2,TRUE
P627,CLI-123,2025-11-23,PENDIENTE,ZONA2,TRUE
P628,CLI-123,2025-11-23,PENDIENTE,ZONA2,TRUE
P629,CLI-123,2025-11-23,PENDIENTE,ZONA2,TRUE
P630,CLI-123,2025-11-23,PENDIENTE,ZONA2,TRUE
P631,CLI-123,2025-11-23,PENDIENTE,ZONA2,TRUE
P632,CLI-123,2025-11-23,PENDIENTE,ZONA2,TRUE
P633,CLI-123,2025-11-23,PENDIENTE,ZONA2,TRUE
P634,CLI-123,2025-11-23,PENDIENTE,ZONA2,TRUE
P635,CLI-123,2025-11-23,PENDIENTE,ZONA2,TRUE
P636,CLI-123,2025-11-23,PENDIENTE,ZONA2,TRUE
P637,CLI-123,2025-11-23,PENDIENTE,ZONA2,TRUE
P638,CLI-123,2025-11-23,PENDIENTE,ZONA2,TRUE
P639,CLI-123,2025-11-23,PENDIENTE,ZONA2,TRUE
P640,CLI-123,2025-11-23,PENDIENTE,ZONA2,TRUE
P641,CLI-123,2025-11-23,PENDIENTE,ZONA2,TRUE
P642,CLI-123,2025-11-23,PENDIENTE,ZONA2,TRUE
P643,CLI-123,2025-11-23,PENDIENTE,ZONA2,TRUE
P644,CLI-123,2025-11-23,PENDIENTE,ZONA2,TRUE
P645,CLI-123,2025-11-23,PENDIENTE,ZONA2,TRUE
P646,CLI-123,2025-11-23,PENDIENTE,ZONA2,TRUE
P647,CLI-123,2025-11-23,PENDIENTE,ZONA2,TRUE
P648,CLI-123,2025-11-23,PENDIENTE,ZONA2,TRUE
P649,CLI-123,2025-11-23,PENDIENTE,ZONA2,TRUE
P650,CLI-123,2025-11-23,PENDIENTE,ZONA2,TRUE
P651,CLI-123,2025-11-23,PENDIENTE,ZONA2,TRUE
P652,CLI-123,2025-11-23,PENDIENTE,ZONA2,TRUE
P653,CLI-123,2025-11-23,PENDIENTE,ZONA2,TRUE
P654,CLI-123,2025-11-23,PENDIENTE,ZONA2,TRUE
P655,CLI-123,2025-11-23,PENDIENTE,ZONA2,TRUE
P656,CLI-123,2025-11-23,PENDIENTE,ZONA2,TRUE
P657,CLI-123,2025-11-23,PENDIENTE,ZONA2,TRUE
P658,CLI-123,2025-11-23,PENDIENTE,ZONA2,TRUE
P659,CLI-123,2025-11-23,PENDIENTE,ZONA2,TRUE
P660,CLI-123,2025-11-23,PENDIENTE,ZONA2,TRUE
P661,CLI-123,2025-11-23,PENDIENTE,ZONA2,TRUE
P662,CLI-123,2025-11-23,PENDIENTE,ZONA2,TRUE
P663,CLI-123,2025-11-23,PENDIENTE,ZONA2,TRUE
P664,CLI-123,2025-11-23,PENDIENTE,ZONA2,TRUE
P665,CLI-123,2025-11-23,PENDIENTE,ZONA2,TRUE
P666,CLI-123,2025-11-23,PENDIENTE,ZONA2,TRUE
P667,CLI-123,2025-11-23,PENDIENTE,ZONA2,TRUE
P668,CLI-123,2025-11-23,PENDIENTE,ZONA2,TRUE
P669,CLI-123,2025-11-23,PENDIENTE,ZONA2,TRUE
P670,CLI-123,2025-11-23,PENDIENTE,ZONA2,TRUE
P671,CLI-123,2025-11-23,PENDIENTE,ZONA2,TRUE
P672,CLI-123,2025-11-23,PENDIENTE,ZONA2,TRUE
P673,CLI-123,2025-11-23,PENDIENTE,ZONA2,TRUE
P674,CLI-123,2025-11-23,PENDIENTE,ZONA2,TRUE
P675,CLI-123,2025-11-23,PENDIENTE,ZONA2,TRUE
P676,CLI-123,2025-11-23,PENDIENTE,ZONA2,TRUE
P677,CLI-123,2025-11-23,PENDIENTE,ZONA2,TRUE
P678,CLI-123,2025-11-23,PENDIENTE,ZONA2,TRUE
P679,CLI-123,2025-11-23,PENDIENTE,ZONA2,TRUE
P680,CLI-123,2025-11-23,PENDIENTE,ZONA2,TRUE
P681,CLI-123,2025-11-23,PENDIENTE,ZONA2,TRUE
P682,CLI-123,2025-11-23,PENDIENTE,ZONA2,TRUE
P683,CLI-123,2025-11-23,PENDIENTE,ZONA2,TRUE
P684,CLI-123,2025-11-23,PENDIENTE,ZONA2,TRUE
P685,CLI-123,2025-11-23,PENDIENTE,ZONA2,TRUE
P686,CLI-123,2025-11-23,PENDIENTE,ZONA2,TRUE
P687,CLI-123,2025-11-23,PENDIENTE,ZONA2,TRUE
P688,CLI-123,2025-11-23,PENDIENTE,ZONA2,TRUE
P689,CLI-123,2025-11-23,PENDIENTE,ZONA2,TRUE
P690,CLI-123,2025-11-23,PENDIENTE,ZONA2,TRUE
P691,CLI-123,2025-11-23,PENDIENTE,ZONA2,TRUE
P692,CLI-123,2025-11-23,PENDIENTE,ZONA2,TRUE
P693,CLI-123,2025-11-23,PENDIENTE,ZONA2,TRUE
P694,CLI-123,2025-11-23,PENDIENTE,ZONA2,TRUE
P695,CLI-123,2025-11-23,PENDIENTE,ZONA2,TRUE
P696,CLI-123,2025-11-23,PENDIENTE,ZONA2,TRUE
P697,CLI-123,2025-11-23,PENDIENTE,ZONA2,TRUE
P698,CLI-123,2025-11-23,PENDIENTE,ZONA2,TRUE
P699,CLI-123,2025-11-23,PENDIENTE,ZONA2,TRUE
P700,CLI-123,2025-11-23,PENDIENTE,ZONA2,TRUE
P701,CLI-123,2025-11-23,PENDIENTE,ZONA2,TRUE
P702,CLI-123,2025-11-23,PENDIENTE,ZONA2,TRUE
P703,CLI-123,2025-11-23,PENDIENTE,ZONA2,TRUE
P704,CLI-123,2025-11-23,PENDIENTE,ZONA2,TRUE
P705,CLI-123,2025-11-23,PENDIENTE,ZONA2,TRUE
P706,CLI-123,2025-11-23,PENDIENTE,ZONA2,TRUE
P707,CLI-123,2025-11-23,PENDIENTE,ZONA2,TRUE
P708,CLI-123,2025-11-23,PENDIENTE,ZONA2,TRUE
P709,CLI-123,2025-11-23,PENDIENTE,ZONA2,TRUE
P710,CLI-123,2025-11-23,PENDIENTE,ZONA2,TRUE
P711,CLI-123,2025-11-23,PENDIENTE,ZONA2,TRUE
P712,CLI-123,2025-11-23,PENDIENTE,ZONA2,TRUE
P713,CLI-123,2025-11-23,PENDIENTE,ZONA2,TRUE
P714,CLI-123,2025-11-23,PENDIENTE,ZONA2,TRUE
P715,CLI-123,2025-11-23,PENDIENTE,ZONA2,TRUE
P716,CLI-123,2025-11-23,PENDIENTE,ZONA2,TRUE
P717,CLI-123,2025-11-23,PENDIENTE,ZONA2,TRUE
P718,CLI-123,2025-11-23,PENDIENTE,ZONA2,TRUE
P719,CLI-123,2025-11-23,PENDIENTE,ZONA2,TRUE
P720,CLI-123,2025-11-23,PENDIENTE,ZONA2,TRUE
P721,CLI-123,2025-11-23,PENDIENTE,ZONA2,TRUE
P722,CLI-123,2025-11-23,PENDIENTE,ZONA2,TRUE
P723,CLI-123,2025-11-23,PENDIENTE,ZONA2,TRUE
P724,CLI-123,2025-11-23,PENDIENTE,ZONA2,TRUE
P725,CLI-123,2025-11-23,PENDIENTE,ZONA2,TRUE
P726,CLI-123,2025-11-23,PENDIENTE,ZONA2,TRUE
P727,CLI-123,2025-11-23,PENDIENTE,ZONA2,TRUE
P728,CLI-123,2025-11-23,PENDIENTE,ZONA2,TRUE
P729,CLI-123,2025-11-23,PENDIENTE,ZONA2,TRUE
P730,CLI-123,2025-11-23,PENDIENTE,ZONA2,TRUE
P731,CLI-123,2025-11-23,PENDIENTE,ZONA2,TRUE
P732,CLI-123,2025-11-23,PENDIENTE,ZONA2,TRUE
P733,CLI-123,2025-11-23,PENDIENTE,ZONA2,TRUE
P734,CLI-123,2025-11-23,PENDIENTE,ZONA2,TRUE
P735,CLI-123,2025-11-23,PENDIENTE,ZONA2,TRUE
P736,CLI-123,2025-11-23,PENDIENTE,ZONA2,TRUE
P737,CLI-123,2025-11-23,PENDIENTE,ZONA2,TRUE
P738,CLI-123,2025-11-23,PENDIENTE,ZONA2,TRUE
P739,CLI-123,2025-11-23,PENDIENTE,ZONA2,TRUE
P740,CLI-123,2025-11-23,PENDIENTE,ZONA2,TRUE
P741,CLI-123,2025-11-23,PENDIENTE,ZONA2,TRUE
P742,CLI-123,2025-11-23,PENDIENTE,ZONA2,TRUE
P743,CLI-123,2025-11-23,PENDIENTE,ZONA2,TRUE
P744,CLI-123,2025-11-23,PENDIENTE,ZONA2,TRUE
P745,CLI-123,2025-11-23,PENDIENTE,ZONA2,TRUE
P746,CLI-123,2025-11-23,PENDIENTE,ZONA2,TRUE
P747,CLI-123,2025-11-23,PENDIENTE,ZONA2,TRUE
P748,CLI-123,2025-11-23,PENDIENTE,ZONA2,TRUE
P749,CLI-123,2025-11-23,PENDIENTE,ZONA2,TRUE
P750,CLI-123,2025-11-23,PENDIENTE,ZONA2,TRUE
P751,CLI-123,2025-11-23,PENDIENTE,ZONA2,TRUE
P752,CLI-123,2025-11-23,PENDIENTE,ZONA2,TRUE
P753,CLI-123,2025-11-23,PENDIENTE,ZONA2,TRUE
P754,CLI-123,2025-11-23,PENDIENTE,ZONA2,TRUE
P755,CLI-123,2025-11-23,PENDIENTE,ZONA2,TRUE
P756,CLI-123,2025-11-23,PENDIENTE,ZONA2,TRUE
P757,CLI-123,2025-11-23,PENDIENTE,ZONA2,TRUE
P758,CLI-123,2025-11-23,PENDIENTE,ZONA2,TRUE
P759,CLI-123,2025-11-23,PENDIENTE,ZONA2,TRUE
P760,CLI-123,2025-11-23,PENDIENTE,ZONA2,TRUE
P761,CLI-123,2025-11-23,PENDIENTE,ZONA2,TRUE
P762,CLI-123,2025-11-23,PENDIENTE,ZONA2,TRUE
P763,CLI-123,2025-11-23,PENDIENTE,ZONA2,TRUE
P764,CLI-123,2025-11-23,PENDIENTE,ZONA2,TRUE
P765,CLI-123,2025-11-23,PENDIENTE,ZONA2,TRUE
P766,CLI-123,2025-11-23,PENDIENTE,ZONA2,TRUE
P767,CLI-123,2025-11-23,PENDIENTE,ZONA2,TRUE
P768,CLI-123,2025-11-23,PENDIENTE,ZONA2,TRUE
P769,CLI-123,2025-11-23,PENDIENTE,ZONA2,TRUE
P770,CLI-123,2025-11-23,PENDIENTE,ZONA2,TRUE
P771,CLI-123,2025-11-23,PENDIENTE,ZONA2,TRUE
P772,CLI-123,2025-11-23,PENDIENTE,ZONA2,TRUE
P773,CLI-123,2025-11-23,PENDIENTE,ZONA2,TRUE
P774,CLI-123,2025-11-23,PENDIENTE,ZONA2,TRUE
P775,CLI-123,2025-11-23,PENDIENTE,ZONA2,TRUE
P776,CLI-123,2025-11-23,PENDIENTE,ZONA2,TRUE
P777,CLI-123,2025-11-23,PENDIENTE,ZONA2,TRUE
P778,CLI-123,2025-11-23,PENDIENTE,ZONA2,TRUE
P779,CLI-123,2025-11-23,PENDIENTE,ZONA2,TRUE
P780,CLI-123,2025-11-23,PENDIENTE,ZONA2,TRUE
P781,CLI-123,2025-11-23,PENDIENTE,ZONA2,TRUE
P782,CLI-123,2025-11-23,PENDIENTE,ZONA2,TRUE
P783,CLI-123,2025-11-23,PENDIENTE,ZONA2,TRUE
P784,CLI-123,2025-11-23,PENDIENTE,ZONA2,TRUE
P785,CLI-123,2025-11-23,PENDIENTE,ZONA2,TRUE
P786,CLI-123,2025-11-23,PENDIENTE,ZONA2,TRUE
P787,CLI-123,2025-11-23,PENDIENTE,ZONA2,TRUE
P788,CLI-123,2025-11-23,PENDIENTE,ZONA2,TRUE
P789,CLI-123,2025-11-23,PENDIENTE,ZONA2,TRUE
P790,CLI-123,2025-11-23,PENDIENTE,ZONA2,TRUE
P791,CLI-123,2025-11-23,PENDIENTE,ZONA2,TRUE
P792,CLI-123,2025-11-23,PENDIENTE,ZONA2,TRUE
P793,CLI-123,2025-11-23,PENDIENTE,ZONA2,TRUE
P794,CLI-123,2025-11-23,PENDIENTE,ZONA2,TRUE
P795,CLI-123,2025-11-23,PENDIENTE,ZONA2,TRUE
P796,CLI-123,2025-11-23,PENDIENTE,ZONA2,TRUE
P797,CLI-123,2025-11-23,PENDIENTE,ZONA2,TRUE
P798,CLI-123,2025-11-23,PENDIENTE,ZONA2,TRUE
P799,CLI-123,2025-11-23,PENDIENTE,ZONA2,TRUE
P800,CLI-123,2025-11-23,PENDIENTE,ZONA2,TRUE
P801,CLI-123,2025-11-23,PENDIENTE,ZONA2,TRUE
P802,CLI-123,2025-11-23,PENDIENTE,ZONA2,TRUE
P803,CLI-123,2025-11-23,PENDIENTE,ZONA2,TRUE
P804,CLI-123,2025-11-23,PENDIENTE,ZONA2,TRUE
P805,CLI-123,2025-11-23,PENDIENTE,ZONA2,TRUE
P806,CLI-123,2025-11-23,PENDIENTE,ZONA2,TRUE
P807,CLI-123,2025-11-23,PENDIENTE,ZONA2,TRUE
P808,CLI-123,2025-11-23,PENDIENTE,ZONA2,TRUE
P809,CLI-123,2025-11-23,PENDIENTE,ZONA2,TRUE
P810,CLI-123,2025-11-23,PENDIENTE,ZONA2,TRUE
P811,CLI-123,2025-11-23,PENDIENTE,ZONA2,TRUE
P812,CLI-123,2025-11-23,PENDIENTE,ZONA2,TRUE
P813,CLI-123,2025-11-23,PENDIENTE,ZONA2,TRUE
P814,CLI-123,2025-11-23,PENDIENTE,ZONA2,TRUE
P815,CLI-123,2025-11-23,PENDIENTE,ZONA2,TRUE
P816,CLI-123,2025-11-23,PENDIENTE,ZONA2,TRUE
P817,CLI-123,2025-11-23,PENDIENTE,ZONA2,TRUE
P818,CLI-123,2025-11-23,PENDIENTE,ZONA2,TRUE
P819,CLI-123,2025-11-23,PENDIENTE,ZONA2,TRUE
P820,CLI-123,2025-11-23,PENDIENTE,ZONA2,TRUE
P821,CLI-123,2025-11-23,PENDIENTE,ZONA2,TRUE
P822,CLI-123,2025-11-23,PENDIENTE,ZONA2,TRUE
P823,CLI-123,2025-11-23,PENDIENTE,ZONA2,TRUE
P824,CLI-123,2025-11-23,PENDIENTE,ZONA2,TRUE
P825,CLI-123,2025-11-23,PENDIENTE,ZONA2,TRUE
P826,CLI-123,2025-11-23,PENDIENTE,ZONA2,TRUE
P827,CLI-123,2025-11-23,PENDIENTE,ZONA2,TRUE
P828,CLI-123,2025-11-23,PENDIENTE,ZONA2,TRUE
P829,CLI-123,2025-11-23,PENDIENTE,ZONA2,TRUE
P830,CLI-123,2025-11-23,PENDIENTE,ZONA2,TRUE
P831,CLI-123,2025-11-23,PENDIENTE,ZONA2,TRUE
P832,CLI-123,2025-11-23,PENDIENTE,ZONA2,TRUE
P833,CLI-123,2025-11-23,PENDIENTE,ZONA2,TRUE
P834,CLI-123,2025-11-23,PENDIENTE,ZONA2,TRUE
P835,CLI-123,2025-11-23,PENDIENTE,ZONA2,TRUE
P836,CLI-123,2025-11-23,PENDIENTE,ZONA2,TRUE
P837,CLI-123,2025-11-23,PENDIENTE,ZONA2,TRUE
P838,CLI-123,2025-11-23,PENDIENTE,ZONA2,TRUE
P839,CLI-123,2025-11-23,PENDIENTE,ZONA2,TRUE
P840,CLI-123,2025-11-23,PENDIENTE,ZONA2,TRUE
P841,CLI-123,2025-11-23,PENDIENTE,ZONA2,TRUE
P842,CLI-123,2025-11-23,PENDIENTE,ZONA2,TRUE
P843,CLI-123,2025-11-23,PENDIENTE,ZONA2,TRUE
P844,CLI-123,2025-11-23,PENDIENTE,ZONA2,TRUE
P845,CLI-123,2025-11-23,PENDIENTE,ZONA2,TRUE
P846,CLI-123,2025-11-23,PENDIENTE,ZONA2,TRUE
P847,CLI-123,2025-11-23,PENDIENTE,ZONA2,TRUE
P848,CLI-123,2025-11-23,PENDIENTE,ZONA2,TRUE
P849,CLI-123,2025-11-23,PENDIENTE,ZONA2,TRUE
P850,CLI-123,2025-11-23,PENDIENTE,ZONA2,TRUE
P851,CLI-123,2025-11-23,PENDIENTE,ZONA2,TRUE
P852,CLI-123,2025-11-23,PENDIENTE,ZONA2,TRUE
P853,CLI-123,2025-11-23,PENDIENTE,ZONA2,TRUE
P854,CLI-123,2025-11-23,PENDIENTE,ZONA2,TRUE
P855,CLI-123,2025-11-23,PENDIENTE,ZONA2,TRUE
P856,CLI-123,2025-11-23,PENDIENTE,ZONA2,TRUE
P857,CLI-123,2025-11-23,PENDIENTE,ZONA2,TRUE
P858,CLI-123,2025-11-23,PENDIENTE,ZONA2,TRUE
P859,CLI-123,2025-11-23,PENDIENTE,ZONA2,TRUE
P860,CLI-123,2025-11-23,PENDIENTE,ZONA2,TRUE
P861,CLI-123,2025-11-23,PENDIENTE,ZONA2,TRUE
P862,CLI-123,2025-11-23,PENDIENTE,ZONA2,TRUE
P863,CLI-123,2025-11-23,PENDIENTE,ZONA2,TRUE
P864,CLI-123,2025-11-23,PENDIENTE,ZONA2,TRUE
P865,CLI-123,2025-11-23,PENDIENTE,ZONA2,TRUE
P866,CLI-123,2025-11-23,PENDIENTE,ZONA2,TRUE
P867,CLI-123,2025-11-23,PENDIENTE,ZONA2,TRUE
P868,CLI-123,2025-11-23,PENDIENTE,ZONA2,TRUE
P869,CLI-123,2025-11-23,PENDIENTE,ZONA2,TRUE
P870,CLI-123,2025-11-23,PENDIENTE,ZONA2,TRUE
P871,CLI-123,2025-11-23,PENDIENTE,ZONA2,TRUE
P872,CLI-123,2025-11-23,PENDIENTE,ZONA2,TRUE
P873,CLI-123,2025-11-23,PENDIENTE,ZONA2,TRUE
P874,CLI-123,2025-11-23,PENDIENTE,ZONA2,TRUE
P875,CLI-123,2025-11-23,PENDIENTE,ZONA2,TRUE
P876,CLI-123,2025-11-23,PENDIENTE,ZONA2,TRUE
P877,CLI-123,2025-11-23,PENDIENTE,ZONA2,TRUE
P878,CLI-123,2025-11-23,PENDIENTE,ZONA2,TRUE
P879,CLI-123,2025-11-23,PENDIENTE,ZONA2,TRUE
P880,CLI-123,2025-11-23,PENDIENTE,ZONA2,TRUE
P881,CLI-123,2025-11-23,PENDIENTE,ZONA2,TRUE
P882,CLI-123,2025-11-23,PENDIENTE,ZONA2,TRUE
P883,CLI-123,2025-11-23,PENDIENTE,ZONA2,TRUE
P884,CLI-123,2025-11-23,PENDIENTE,ZONA2,TRUE
P885,CLI-123,2025-11-23,PENDIENTE,ZONA2,TRUE
P886,CLI-123,2025-11-23,PENDIENTE,ZONA2,TRUE
P887,CLI-123,2025-11-23,PENDIENTE,ZONA2,TRUE
P888,CLI-123,2025-11-23,PENDIENTE,ZONA2,TRUE
P889,CLI-123,2025-11-23,PENDIENTE,ZONA2,TRUE
P890,CLI-123,2025-11-23,PENDIENTE,ZONA2,TRUE
P891,CLI-123,2025-11-23,PENDIENTE,ZONA2,TRUE
P892,CLI-123,2025-11-23,PENDIENTE,ZONA2,TRUE
P893,CLI-123,2025-11-23,PENDIENTE,ZONA2,TRUE
P894,CLI-123,2025-11-23,PENDIENTE,ZONA2,TRUE
P895,CLI-123,2025-11-23,PENDIENTE,ZONA2,TRUE
P896,CLI-123,2025-11-23,PENDIENTE,ZONA2,TRUE
P897,CLI-123,2025-11-23,PENDIENTE,ZONA2,TRUE
P898,CLI-123,2025-11-23,PENDIENTE,ZONA2,TRUE
P899,CLI-123,2025-11-23,PENDIENTE,ZONA2,TRUE
P900,CLI-123,2025-11-23,PENDIENTE,ZONA2,TRUE
P901,CLI-123,2025-11-23,PENDIENTE,ZONA2,TRUE
P902,CLI-123,2025-11-23,PENDIENTE,ZONA2,TRUE
P903,CLI-123,2025-11-23,PENDIENTE,ZONA2,TRUE
P904,CLI-123,2025-11-23,PENDIENTE,ZONA2,TRUE
P905,CLI-123,2025-11-23,PENDIENTE,ZONA2,TRUE
P906,CLI-123,2025-11-23,PENDIENTE,ZONA2,TRUE
P907,CLI-123,2025-11-23,PENDIENTE,ZONA2,TRUE
P908,CLI-123,2025-11-23,PENDIENTE,ZONA2,TRUE
P909,CLI-123,2025-11-23,PENDIENTE,ZONA2,TRUE
P910,CLI-123,2025-11-23,PENDIENTE,ZONA2,TRUE
P911,CLI-123,2025-11-23,PENDIENTE,ZONA2,TRUE
P912,CLI-123,2025-11-23,PENDIENTE,ZONA2,TRUE
P913,CLI-123,2025-11-23,PENDIENTE,ZONA2,TRUE
P914,CLI-123,2025-11-23,PENDIENTE,ZONA2,TRUE
P915,CLI-123,2025-11-23,PENDIENTE,ZONA2,TRUE
P916,CLI-123,2025-11-23,PENDIENTE,ZONA2,TRUE
P917,CLI-123,2025-11-23,PENDIENTE,ZONA2,TRUE
P918,CLI-123,2025-11-23,PENDIENTE,ZONA2,TRUE
P919,CLI-123,2025-11-23,PENDIENTE,ZONA2,TRUE
P920,CLI-123,2025-11-23,PENDIENTE,ZONA2,TRUE
P921,CLI-123,2025-11-23,PENDIENTE,ZONA2,TRUE
P922,CLI-123,2025-11-23,PENDIENTE,ZONA2,TRUE
P923,CLI-123,2025-11-23,PENDIENTE,ZONA2,TRUE
P924,CLI-123,2025-11-23,PENDIENTE,ZONA2,TRUE
P925,CLI-123,2025-11-23,PENDIENTE,ZONA2,TRUE
P926,CLI-123,2025-11-23,PENDIENTE,ZONA2,TRUE
P927,CLI-123,2025-11-23,PENDIENTE,ZONA2,TRUE
P928,CLI-123,2025-11-23,PENDIENTE,ZONA2,TRUE
P929,CLI-123,2025-11-23,PENDIENTE,ZONA2,TRUE
P930,CLI-123,2025-11-23,PENDIENTE,ZONA2,TRUE
P931,CLI-123,2025-11-23,PENDIENTE,ZONA2,TRUE
P932,CLI-123,2025-11-23,PENDIENTE,ZONA2,TRUE
P933,CLI-123,2025-11-23,PENDIENTE,ZONA2,TRUE
P934,CLI-123,2025-11-23,PENDIENTE,ZONA2,TRUE
P935,CLI-123,2025-11-23,PENDIENTE,ZONA2,TRUE
P936,CLI-123,2025-11-23,PENDIENTE,ZONA2,TRUE
P937,CLI-123,2025-11-23,PENDIENTE,ZONA2,TRUE
P938,CLI-123,2025-11-23,PENDIENTE,ZONA2,TRUE
P939,CLI-123,2025-11-23,PENDIENTE,ZONA2,TRUE
P940,CLI-123,2025-11-23,PENDIENTE,ZONA2,TRUE
P941,CLI-123,2025-11-23,PENDIENTE,ZONA2,TRUE
P942,CLI-123,2025-11-23,PENDIENTE,ZONA2,TRUE
P943,CLI-123,2025-11-23,PENDIENTE,ZONA2,TRUE
P944,CLI-123,2025-11-23,PENDIENTE,ZONA2,TRUE
P945,CLI-123,2025-11-23,PENDIENTE,ZONA2,TRUE
P946,CLI-123,2025-11-23,PENDIENTE,ZONA2,TRUE
P947,CLI-123,2025-11-23,PENDIENTE,ZONA2,TRUE
P948,CLI-123,2025-11-23,PENDIENTE,ZONA2,TRUE
P949,CLI-123,2025-11-23,PENDIENTE,ZONA2,TRUE
P950,CLI-123,2025-11-23,PENDIENTE,ZONA2,TRUE
P951,CLI-123,2025-11-23,PENDIENTE,ZONA2,TRUE
P952,CLI-123,2025-11-23,PENDIENTE,ZONA2,TRUE
P953,CLI-123,2025-11-23,PENDIENTE,ZONA2,TRUE
P954,CLI-123,2025-11-23,PENDIENTE,ZONA2,TRUE
P955,CLI-123,2025-11-23,PENDIENTE,ZONA2,TRUE
P956,CLI-123,2025-11-23,PENDIENTE,ZONA2,TRUE
P957,CLI-123,2025-11-23,PENDIENTE,ZONA2,TRUE
P958,CLI-123,2025-11-23,PENDIENTE,ZONA2,TRUE
P959,CLI-123,2025-11-23,PENDIENTE,ZONA2,TRUE
P960,CLI-123,2025-11-23,PENDIENTE,ZONA2,TRUE
P961,CLI-123,2025-11-23,PENDIENTE,ZONA2,TRUE
P962,CLI-123,2025-11-23,PENDIENTE,ZONA2,TRUE
P963,CLI-123,2025-11-23,PENDIENTE,ZONA2,TRUE
P964,CLI-123,2025-11-23,PENDIENTE,ZONA2,TRUE
P965,CLI-123,2025-11-23,PENDIENTE,ZONA2,TRUE
P966,CLI-123,2025-11-23,PENDIENTE,ZONA2,TRUE
P967,CLI-123,2025-11-23,PENDIENTE,ZONA2,TRUE
P968,CLI-123,2025-11-23,PENDIENTE,ZONA2,TRUE
P969,CLI-123,2025-11-23,PENDIENTE,ZONA2,TRUE
P970,CLI-123,2025-11-23,PENDIENTE,ZONA2,TRUE
P971,CLI-123,2025-11-23,PENDIENTE,ZONA2,TRUE
P972,CLI-123,2025-11-23,PENDIENTE,ZONA2,TRUE
P973,CLI-123,2025-11-23,PENDIENTE,ZONA2,TRUE
P974,CLI-123,2025-11-23,PENDIENTE,ZONA2,TRUE
P975,CLI-123,2025-11-23,PENDIENTE,ZONA2,TRUE
P976,CLI-123,2025-11-23,PENDIENTE,ZONA2,TRUE
P977,CLI-123,2025-11-23,PENDIENTE,ZONA2,TRUE
P978,CLI-123,2025-11-23,PENDIENTE,ZONA2,TRUE
P979,CLI-123,2025-11-23,PENDIENTE,ZONA2,TRUE
P980,CLI-123,2025-11-23,PENDIENTE,ZONA2,TRUE
P981,CLI-123,2025-11-23,PENDIENTE,ZONA2,TRUE
P982,CLI-123,2025-11-23,PENDIENTE,ZONA2,TRUE
P983,CLI-123,2025-11-23,PENDIENTE,ZONA2,TRUE
P984,CLI-123,2025-11-23,PENDIENTE,ZONA2,TRUE
P985,CLI-123,2025-11-23,PENDIENTE,ZONA2,TRUE
P986,CLI-123,2025-11-23,PENDIENTE,ZONA2,TRUE
P987,CLI-123,2025-11-23,PENDIENTE,ZONA2,TRUE
P988,CLI-123,2025-11-23,PENDIENTE,ZONA2,TRUE
P989,CLI-123,2025-11-23,PENDIENTE,ZONA2,TRUE
P990,CLI-123,2025-11-23,PENDIENTE,ZONA2,TRUE
P991,CLI-123,2025-11-23,PENDIENTE,ZONA2,TRUE
P992,CLI-123,2025-11-23,PENDIENTE,ZONA2,TRUE
P993,CLI-123,2025-11-23,PENDIENTE,ZONA2,TRUE
P994,CLI-123,2025-11-23,PENDIENTE,ZONA2,TRUE
P995,CLI-123,2025-11-23,PENDIENTE,ZONA2,TRUE
P996,CLI-123,2025-11-23,PENDIENTE,ZONA2,TRUE
P997,CLI-123,2025-11-23,PENDIENTE,ZONA2,TRUE
P998,CLI-123,2025-11-23,PENDIENTE,ZONA2,TRUE
P999,CLI-123,2025-11-23,PENDIENTE,ZONA2,TRUE
P1000,CLI-123,2025-11-23,PENDIENTE,ZONA2,TRUE
P1001,CLI-123,2025-11-23,PENDIENTE,ZONA2,TRUE
P1002,CLI-123,2025-11-23,PENDIENTE,ZONA2,TRUE
P1003,CLI-123,2025-11-23,PENDIENTE,ZONA2,TRUE
P1004,CLI-123,2025-11-23,PENDIENTE,ZONA2,TRUE
P1005,CLI-123,2025-11-23,PENDIENTE,ZONA2,TRUE
P1006,CLI-123,2025-11-23,PENDIENTE,ZONA2,TRUE
P1007,CLI-123,2025-11-23,PENDIENTE,ZONA2,TRUE
P1008,CLI-123,2025-11-23,PENDIENTE,ZONA2,TRUE
P1009,CLI-123,2025-11-23,PENDIENTE,ZONA2,TRUE
